"DESCRIPTION","DURATION IN MS","NAME","PARENT SUITE","START TIME","STATUS","STOP TIME","SUB SUITE","SUITE","TEST CLASS","TEST METHOD"
"","0","AWSSecrets","","2026-02-22","skipped","2026-02-22","","TestSecretsEngineCreate","",""
"","0","AWSSecrets","","2026-02-22","skipped","2026-02-22","","TestSecretsEngineRead","",""
"Tests read operations for various secrets engines","234","TestSecretsEngineRead","","2026-02-22","passed","2026-02-22","","","",""
"Tests delete operations for various secrets engines","480","TestSecretsEngineDelete","","2026-02-22","passed","2026-02-22","","","",""
"","0","IdentitySecrets","","2026-02-22","skipped","2026-02-22","","TestSecretsEngineCreate","",""
"","0","SSHSecrets","","2026-02-22","skipped","2026-02-22","","TestSecretsEngineCreate","",""
"","0","AWSSecrets","","2026-02-22","skipped","2026-02-22","","TestSecretsEngineDelete","",""
"","0","LDAPSecrets","","2026-02-22","skipped","2026-02-22","","TestSecretsEngineCreate","",""
"","0","PKISecrets","","2026-02-22","skipped","2026-02-22","","TestSecretsEngineRead","",""
"","0","IdentitySecrets","","2026-02-22","skipped","2026-02-22","","TestSecretsEngineRead","",""
"","0","KMIPSecrets","","2026-02-22","skipped","2026-02-22","","TestSecretsEngineRead","",""
"","8","KVSecrets","","2026-02-22","passed","2026-02-22","","TestSecretsEngineCreate","",""
"","11","KVSecrets","","2026-02-22","failed","2026-02-22","","TestSecretsEngineRead","",""
"","363","TransitSecrets","","2026-02-22","passed","2026-02-22","","TestSecretsEngineCreate","",""
"","0","DatabaseSecrets","","2026-02-22","skipped","2026-02-22","","TestSecretsEngineDelete","",""
"","0","LDAPSecrets","","2026-02-22","skipped","2026-02-22","","TestSecretsEngineRead","",""
"","0","IdentitySecrets","","2026-02-22","skipped","2026-02-22","","TestSecretsEngineDelete","",""
"","0","KMIPSecrets","","2026-02-22","skipped","2026-02-22","","TestSecretsEngineDelete","",""
"","0","PKISecrets","","2026-02-22","skipped","2026-02-22","","TestSecretsEngineCreate","",""
"","0","TransitSecrets","","2026-02-22","skipped","2026-02-22","","TestSecretsEngineRead","",""
"","0","DatabaseSecrets","","2026-02-22","skipped","2026-02-22","","TestSecretsEngineRead","",""
"","0","SSHSecrets","","2026-02-22","skipped","2026-02-22","","TestSecretsEngineDelete","",""
"","0","SSHSecrets","","2026-02-22","skipped","2026-02-22","","TestSecretsEngineRead","",""
"","21","KVSecrets","","2026-02-22","failed","2026-02-22","","TestSecretsEngineDelete","",""
"","0","PKISecrets","","2026-02-22","skipped","2026-02-22","","TestSecretsEngineDelete","",""
"Tests creation/setup of various secrets engines","603","TestSecretsEngineCreate","","2026-02-22","passed","2026-02-22","","","",""
"","0","LDAPSecrets","","2026-02-22","skipped","2026-02-22","","TestSecretsEngineDelete","",""
"","0","DatabaseSecrets","","2026-02-22","skipped","2026-02-22","","TestSecretsEngineCreate","",""
"","0","KMIPSecrets","","2026-02-22","skipped","2026-02-22","","TestSecretsEngineCreate","",""
"","223","TransitSecrets","","2026-02-22","passed","2026-02-22","","TestSecretsEngineDelete","",""
